{"lastInput":{"dependencies":["meteor-base","mobile-experience","mongo","blaze-html-templates","reactive-var","jquery","tracker","standard-minifier-css","standard-minifier-js","es5-shim","ecmascript","shell-server","autopublish","insecure"],"constraints":["meteor-base@1.0.4","mobile-experience@1.0.4","mongo@1.1.14","blaze-html-templates@1.0.4","reactive-var@1.0.11","jquery@1.11.10","tracker@1.1.1","standard-minifier-css@1.3.2","standard-minifier-js@1.2.1","es5-shim@4.6.15","ecmascript@0.6.1","shell-server@0.2.1","autopublish@1.0.7","insecure@1.0.7"],"previousSolution":{"allow-deny":"1.0.5","autopublish":"1.0.7","autoupdate":"1.2.11","babel-compiler":"6.14.1","babel-runtime":"1.0.1","base64":"1.0.10","binary-heap":"1.0.10","blaze":"2.3.0","blaze-html-templates":"1.1.0","blaze-tools":"1.0.10","boilerplate-generator":"1.0.11","caching-compiler":"1.1.9","caching-html-compiler":"1.1.0","callback-hook":"1.0.10","check":"1.2.5","ddp":"1.2.5","ddp-client":"1.2.9","ddp-common":"1.2.8","ddp-server":"1.2.10","deps":"1.0.12","diff-sequence":"1.0.7","ecmascript":"0.6.3","ecmascript-runtime":"0.3.15","ejson":"1.0.13","es5-shim":"4.6.15","fastclick":"1.0.13","geojson-utils":"1.0.10","hot-code-push":"1.0.4","html-tools":"1.0.11","htmljs":"1.0.11","http":"1.1.8","id-map":"1.0.9","insecure":"1.0.7","jquery":"1.11.10","launch-screen":"1.0.12","livedata":"1.0.18","logging":"1.1.17","meteor":"1.6.1","meteor-base":"1.0.4","minifier-css":"1.2.16","minifier-js":"1.2.17","minimongo":"1.0.20","mobile-experience":"1.0.4","mobile-status-bar":"1.0.14","modules":"0.7.9","modules-runtime":"0.7.9","mongo":"1.1.15","mongo-id":"1.0.6","npm-mongo":"2.2.16_1","observe-sequence":"1.0.15","ordered-dict":"1.0.9","promise":"0.8.8","random":"1.0.10","reactive-var":"1.0.11","reload":"1.1.11","retry":"1.0.9","routepolicy":"1.0.12","shell-server":"0.2.2","spacebars":"1.0.13","spacebars-compiler":"1.1.0","standard-minifier-css":"1.3.3","standard-minifier-js":"1.2.2","templating":"1.3.0","templating-compiler":"1.3.0","templating-runtime":"1.3.0","templating-tools":"1.1.0","tracker":"1.1.2","ui":"1.0.12","underscore":"1.0.10","url":"1.0.11","webapp":"1.3.13","webapp-hashing":"1.0.9"}},"lastOutput":{"neededToUseUnanticipatedPrereleases":false,"answer":{"allow-deny":"1.0.5","autopublish":"1.0.7","autoupdate":"1.2.11","babel-compiler":"6.14.1","babel-runtime":"1.0.1","base64":"1.0.10","binary-heap":"1.0.10","blaze":"2.3.0","blaze-html-templates":"1.1.0","blaze-tools":"1.0.10","boilerplate-generator":"1.0.11","caching-compiler":"1.1.9","caching-html-compiler":"1.1.0","callback-hook":"1.0.10","check":"1.2.5","ddp":"1.2.5","ddp-client":"1.2.9","ddp-common":"1.2.8","ddp-server":"1.2.10","deps":"1.0.12","diff-sequence":"1.0.7","ecmascript":"0.6.3","ecmascript-runtime":"0.3.15","ejson":"1.0.13","es5-shim":"4.6.15","fastclick":"1.0.13","geojson-utils":"1.0.10","hot-code-push":"1.0.4","html-tools":"1.0.11","htmljs":"1.0.11","http":"1.1.8","id-map":"1.0.9","insecure":"1.0.7","isobuild:compiler-plugin":"1.0.0","isobuild:isopack-2":"1.0.0","isobuild:minifier-plugin":"1.0.0","jquery":"1.11.10","launch-screen":"1.0.12","livedata":"1.0.18","logging":"1.1.17","meteor":"1.6.1","meteor-base":"1.0.4","minifier-css":"1.2.16","minifier-js":"1.2.17","minimongo":"1.0.20","mobile-experience":"1.0.4","mobile-status-bar":"1.0.14","modules":"0.7.9","modules-runtime":"0.7.9","mongo":"1.1.15","mongo-id":"1.0.6","npm-mongo":"2.2.16_1","observe-sequence":"1.0.15","ordered-dict":"1.0.9","promise":"0.8.8","random":"1.0.10","reactive-var":"1.0.11","reload":"1.1.11","retry":"1.0.9","routepolicy":"1.0.12","shell-server":"0.2.2","spacebars":"1.0.13","spacebars-compiler":"1.1.0","standard-minifier-css":"1.3.3","standard-minifier-js":"1.2.2","templating":"1.3.0","templating-compiler":"1.3.0","templating-runtime":"1.3.0","templating-tools":"1.1.0","tracker":"1.1.2","ui":"1.0.12","underscore":"1.0.10","url":"1.0.11","webapp":"1.3.13","webapp-hashing":"1.0.9"}}}
