{"metadata":{"usedHelpers":[],"marked":[],"modules":{"imports":[],"exports":{"exported":[],"specifiers":[]}}},"options":{"filename":"/app.js","filenameRelative":"/app.js","env":{"development":{"plugins":[]}},"retainLines":false,"highlightCode":true,"suppressDeprecationMessages":false,"presets":[],"plugins":[[[],{"polyfill":false}],[[],null],[[],null],[[],{"allowTopLevelThis":true,"strict":false,"loose":true}],[[],null],[[],null],[[],null],[[],null],[[],null],[[],null],[[],null],[[],null],[[],null],[[],null],[[],null],[[],null],[[],null],[[],{"loose":true}],[[],{"loose":true}],[[],null],[[],{"loose":true}],[[],null],[[],null],[[],null],[[],null],[[],null],[[],null],[[],{"loose":true}],[[],null],[[],null],[[],null],[[],null],[[],null],[[],null],[[],null]],"ignore":[],"code":true,"metadata":true,"ast":false,"comments":true,"compact":false,"minified":false,"sourceMap":true,"sourceMaps":true,"sourceMapTarget":"/app.js.map","sourceFileName":"/app.js","babelrc":false,"sourceType":"module","moduleIds":false,"passPerPreset":false,"parserOpts":false,"generatorOpts":false,"basename":"app"},"ignored":false,"code":"var app = require('express')();\n\nvar http = require('http').Server(app);\n\nvar io = require('socket.io')(http);\n\napp.get('/', function (req, res) {\n  res.sendfile('index.html');\n});\nusers = [];\nio.on('connection', function (socket) {\n  console.log('A user connected');\n  socket.on('setUsername', function (data) {\n    console.log(data);\n\n    if (users.indexOf(data) > -1) {\n      socket.emit('userExists', data + ' username is taken! Try some other username.');\n    } else {\n      users.push(data);\n      socket.emit('userSet', {\n        username: data\n      });\n    }\n  });\n  socket.on('msg', function (data) {\n    //Send message to everyone\n    io.sockets.emit('newmsg', data);\n  });\n});\nhttp.listen(3000, function () {\n  console.log('listening on localhost:3000');\n});","ast":null,"map":{"version":3,"sources":["/app.js"],"names":["app","require","http","Server","io","get","req","res","sendfile","users","on","socket","console","log","data","indexOf","emit","push","username","sockets","listen"],"mappings":"AAAA,IAAIA,MAAMC,QAAQ,SAAR,GAAV;;AACA,IAAIC,OAAOD,QAAQ,MAAR,EAAgBE,MAAhB,CAAuBH,GAAvB,CAAX;;AACA,IAAII,KAAKH,QAAQ,WAAR,EAAqBC,IAArB,CAAT;;AAEAF,IAAIK,GAAJ,CAAQ,GAAR,EAAa,UAASC,GAAT,EAAcC,GAAd,EAAkB;AAC7BA,MAAIC,QAAJ,CAAa,YAAb;AACD,CAFD;AAGAC,QAAQ,EAAR;AACAL,GAAGM,EAAH,CAAM,YAAN,EAAoB,UAASC,MAAT,EAAgB;AAClCC,UAAQC,GAAR,CAAY,kBAAZ;AACAF,SAAOD,EAAP,CAAU,aAAV,EAAyB,UAASI,IAAT,EAAc;AACrCF,YAAQC,GAAR,CAAYC,IAAZ;;AACA,QAAGL,MAAMM,OAAN,CAAcD,IAAd,IAAsB,CAAC,CAA1B,EAA4B;AAC1BH,aAAOK,IAAP,CAAY,YAAZ,EAA0BF,OAAO,8CAAjC;AACD,KAFD,MAGI;AACFL,YAAMQ,IAAN,CAAWH,IAAX;AACAH,aAAOK,IAAP,CAAY,SAAZ,EAAuB;AAACE,kBAAUJ;AAAX,OAAvB;AACD;AACF,GATD;AAUAH,SAAOD,EAAP,CAAU,KAAV,EAAiB,UAASI,IAAT,EAAc;AAC3B;AACAV,OAAGe,OAAH,CAAWH,IAAX,CAAgB,QAAhB,EAA0BF,IAA1B;AACH,GAHD;AAID,CAhBD;AAiBAZ,KAAKkB,MAAL,CAAY,IAAZ,EAAkB,YAAU;AAC1BR,UAAQC,GAAR,CAAY,6BAAZ;AACD,CAFD","file":"/app.js.map","sourcesContent":["var app = require('express')();\r\nvar http = require('http').Server(app);\r\nvar io = require('socket.io')(http);\r\n\r\napp.get('/', function(req, res){\r\n  res.sendfile('index.html');\r\n});\r\nusers = [];\r\nio.on('connection', function(socket){\r\n  console.log('A user connected');\r\n  socket.on('setUsername', function(data){\r\n    console.log(data);\r\n    if(users.indexOf(data) > -1){\r\n      socket.emit('userExists', data + ' username is taken! Try some other username.');\r\n    }\r\n    else{\r\n      users.push(data);\r\n      socket.emit('userSet', {username: data});\r\n    }\r\n  });\r\n  socket.on('msg', function(data){\r\n      //Send message to everyone\r\n      io.sockets.emit('newmsg', data);\r\n  })\r\n});\r\nhttp.listen(3000, function(){\r\n  console.log('listening on localhost:3000');\r\n});\r\n"]},"hash":"8572f130279ebc66e004901d1491a3f3a9f6cbef"}
